Arlington 2,38.8981779,-77.1211338,Arlington County,Virginia
Arlington 1,38.8981779,-77.1211338,Arlington County,Virginia
Lee Highway/North Arlington 3,38.8960952,-77.1333157,Arlington County,Virginia
Lee Highway/North Arlington 2,38.8960952,-77.1333157,Arlington County,Virginia
Lee Highway/North Arlington 4,38.8960952,-77.1333157,Arlington County,Virginia
Ballston Commons Mall 1,38.8788951,-77.1102162,Arlington County,Virginia
WMATA - Ballston 1,38.882163,-77.1113105,Arlington County,Virginia
Ballston Commons Mall 2,38.8788951,-77.1102162,Arlington County,Virginia
Ballston Commons Mall 4,38.8788951,-77.1102162,Arlington County,Virginia
Ballston Common Mall 1,38.879446,-77.109526,Arlington County,Virginia
Ballston Common Mall 2,38.879446,-77.109526,Arlington County,Virginia
Kettler Capitals Iceplex 1,38.8786679,-77.10942059999999,Arlington County,Virginia
Seven Corners 1,38.8689155,-77.1506881,Fairfax County,Virginia
WMATA - Rosslyn 1,38.896854,-77.071978,Arlington County,Virginia
Rosslyn 1,38.8947171,-77.0702878,Arlington County,Virginia
Rosslyn 2,38.8947171,-77.0702878,Arlington County,Virginia
Little Falls 1,38.9500943,-77.1192523,Montgomery County,Maryland
Seven Corners 2,38.8689155,-77.1506881,Fairfax County,Virginia
Little Falls 2,38.9500943,-77.1192523,Montgomery County,Maryland
American University 2,38.9392871,-77.0871844,District of Columbia
American University Remote 1,38.9392871,-77.0871844,District of Columbia
American University Remote 4,38.9392871,-77.0871844,District of Columbia
American University Remote 6,38.9392871,-77.0871844,District of Columbia
American University Remote 5,38.9392871,-77.0871844,District of Columbia
Spring Valley 1,38.9449596,-77.0961428,District of Columbia
M Street 1,38.905297,-77.0653548,District of Columbia
Spring Valley 2,38.9449596,-77.0961428,District of Columbia
Georgetown 2,38.9102227,-77.0646324,District of Columbia
Georgetown 1,38.9102227,-77.0646324,District of Columbia
Falls Church 1,38.8923369,-77.18639209999999,Virginia
Falls Church 2,38.8923369,-77.18639209999999,Virginia
WMATA - West Falls Church 1,38.8977328,-77.1878309,Fairfax County,Virginia
McLean 2,38.932887,-77.17829449999999,Fairfax County,Virginia
McLean 3,38.932887,-77.17829449999999,Fairfax County,Virginia
McLean 1,38.932887,-77.17829449999999,Fairfax County,Virginia
Columbia Pike 2,38.8605859,-77.09358499999999,Arlington County,Virginia
Columbia Pike 3,38.8605859,-77.09358499999999,Arlington County,Virginia
Columbia Pike 4,38.8605859,-77.09358499999999,Arlington County,Virginia
The Foundry Building,38.90372,-77.0596966,District of Columbia
Tenleytown 1,38.9590565,-77.0848741,District of Columbia
Tenleytown 2,38.9590565,-77.0848741,District of Columbia
Dolley Madison 1,38.9380881,-77.1823211,Fairfax County,Virginia
Dolley Madison 3,38.9380881,-77.1823211,Fairfax County,Virginia
Dolley Madison 2,38.9380881,-77.1823211,Fairfax County,Virginia
Leesburg Pike Plaza 1,38.8491288,-77.1172646,Fairfax County,Virginia
Leesburg Pike Plaza 2,38.8491288,-77.1172646,Fairfax County,Virginia
Leesburg Pike Plaza 3,38.8491288,-77.1172646,Fairfax County,Virginia
WMATA - Foggy Bottom 1,38.9005805,-77.04966999999999,District of Columbia
Westbard #1,38.96369560000001,-77.1066261,Montgomery County,Maryland
Shaw Pittman Building 1,38.9070597,-77.0507354,District of Columbia
Cleveland Park 1,38.93625110000001,-77.0582046,District of Columbia
Westbard #2,38.96369560000001,-77.1066261,Montgomery County,Maryland
Idlywood Plaza 1,38.9024769,-77.20388249999999,Fairfax County,Virginia
Westbard Kiosk 1,38.9643486,-77.106949,Montgomery County,Maryland
Idlywood Plaza 2,38.9024769,-77.20388249999999,Fairfax County,Virginia
Mazza Gallerie 1,38.9590565,-77.0848741,District of Columbia
Dupont 1,38.91374560000001,-77.0457103,District of Columbia
2000 Pennsylvania Avenue 2,38.90017479999999,-77.0459826,District of Columbia
WMATA - Dupont Circle 1,38.9110364,-77.0448991,District of Columbia
WMATA - Friendship Heights 1,38.96085850000001,-77.0857097,District of Columbia
Wisconsin Place,34.7162747,-78.062917,Pender County,North Carolina
WMATA - Pentagon 1,38.8708761,-77.0558384,Arlington County,Virginia
International Square Remote 1,38.9019865,-77.0430097,District of Columbia
2000 Pennsylvania Avenue 1,38.90017479999999,-77.0459826,District of Columbia
18th &amp; M 1,38.9053571,-77.04193819999999,District of Columbia
18th &amp; M 2,38.9053571,-77.04193819999999,District of Columbia
18th &amp; M 3,38.9053571,-77.04193819999999,District of Columbia
Western Avenue 1,38.9625208,-77.0849195,Montgomery County,Maryland
WMATA - Farragut West 1,38.901438,-77.0419007,District of Columbia
Pentagon City Fashion Centre 1,38.8639404,-77.0601179,Arlington County,Virginia
Pentagon City Fashion Centre 3,38.8639404,-77.0601179,Arlington County,Virginia
Pentagon Centre Mall 1,38.8614551,-77.0587467,Arlington County,Virginia
Pentagon Centre Mall 2,38.8614551,-77.0587467,Arlington County,Virginia
Pentagon City Fashion Centre 2,38.8639404,-77.0601179,Arlington County,Virginia
17th and K Street 1,38.902173,-77.0399522,District of Columbia
WMATA - Pentagon City 1,38.8630559,-77.0601093,Arlington County,Virginia
Pennsylvania Avenue 1,38.89952,-77.040381,District of Columbia
17th and K Street 2,38.902173,-77.0399522,District of Columbia
Washington Square 1,38.9033865,-77.04083159999999,District of Columbia
Pennsylvania Avenue 2,38.89952,-77.040381,District of Columbia
17th &amp; L 1,38.9037384,-77.03852479999999,District of Columbia
WMATA - Farragut North 1,38.9029004,-77.0390135,District of Columbia
17th &amp; L 2,38.9037384,-77.03852479999999,District of Columbia
Reagan National Airport South Pier Connector,38.8523336,-77.04248179999999,Arlington County,Virginia
Reagan National Airport Center Pier Connector,38.8523336,-77.04248179999999,Arlington County,Virginia
McPherson Square 1,38.902006,-77.033287,District of Columbia
Chevy Chase Circle 1,38.9663478,-77.0767568,District of Columbia
Chevy Chase Circle 2,38.9663478,-77.0767568,District of Columbia
Crystal Gateway 1,38.8615918,-77.05074499999999,Arlington County,Virginia
Reagan National Airport North Pier Connector,38.8523336,-77.04248179999999,Arlington County,Virginia
WMATA - McPherson Square 1,38.9010349,-77.0322568,District of Columbia
Crowne Plaza @ Natl Airport 1,38.8596001,-77.05180760000002,Arlington County,Virginia
WMATA - Crystal City 1,38.8572168,-77.05187459999999,Arlington County,Virginia
International Trade Center 1,38.8949053,-77.0302118,District of Columbia
International Trade Center 2,38.8949053,-77.0302118,District of Columbia
International Trade Center 3,38.8949053,-77.0302118,District of Columbia
International Trade Center 4,38.8949053,-77.0302118,District of Columbia
WMATA - Metro Center 2,38.8974207,-77.0296178,District of Columbia
WMATA - Metro Center 1,38.8974207,-77.0296178,District of Columbia
WMATA - Metro Center 3,38.8974207,-77.0296178,District of Columbia
Columbia Square 1,38.897154,-77.0282675,District of Columbia
WMATA - Columbia Heights 1,38.9284645,-77.0329064,District of Columbia
Columbia Square 2,38.897154,-77.0282675,District of Columbia
WMATA - Federal Triangle 1,38.8936604,-77.0279673,District of Columbia
Crystal City II 1,38.8550463,-77.0497192,Arlington County,Virginia
WMATA - Smithsonian 1,38.8875558,-77.0287341,District of Columbia
Holiday Inn - National Airport 1,38.849464,-77.05329499999999,Arlington County,Virginia
Tyson's International Drive 1,38.9175184,-77.2258877,Fairfax County,Virginia
Crystal City II 2,38.8550463,-77.0497192,Arlington County,Virginia
Tyson's International Drive 2,38.9175184,-77.2258877,Fairfax County,Virginia
Bradlee Center 1,38.8298056,-77.0920119,Virginia
New York Avenue 1,38.912025,-76.99549979999999,District of Columbia
Bradlee Center 2,38.8298056,-77.0920119,Virginia
Bethesda Avenue 2,38.9808356,-77.0935135,Montgomery County,Maryland
Bethesda Avenue 1,38.9808356,-77.0935135,Montgomery County,Maryland
Market Square 1,38.8944693,-77.0223723,District of Columbia
Market Square 2,38.8944693,-77.0223723,District of Columbia
Bethesda Avenue 3,38.9808356,-77.0935135,Montgomery County,Maryland
WMATA - Archives 1,38.8944693,-77.0223723,District of Columbia
WMATA - Gallery Place 1,38.89981590000001,-77.0207781,District of Columbia
MCI Center 1,38.8983998,-77.0216171,District of Columbia
Holiday Inn - Crowne Plaza 1,38.9205947,-77.2273577,Fairfax County,Virginia
MCI Center 2,38.8983998,-77.0216171,District of Columbia
MCI Center 3,38.8983998,-77.0216171,District of Columbia
MCI Center 4,38.8983998,-77.0216171,District of Columbia
MCI Center 5,38.8983998,-77.0216171,District of Columbia
Tysons Corner 1,38.92231049999999,-77.2272485,Fairfax County,Virginia
WMATA - Bethesda 1,38.984367,-77.09512099999999,Montgomery County,Maryland
Mount Vernon Triangle/City Vista 1,38.9034306,-77.0187698,District of Columbia
National Gallery of Art 1,38.8920618,-77.0208743,District of Columbia
Wisconsin Avenue 1,38.9854212,-77.093595,Montgomery County,Maryland
WMATA Headquarters 1,38.897842,-77.01942,District of Columbia
Wisconsin Avenue Headquarters 3,38.9854212,-77.093595,Montgomery County,Maryland
WMATA - Judiciary Square 1,38.8969442,-77.01759469999999,District of Columbia
WMATA - L'Enfant Plaza 1,38.885987,-77.02090199999999,District of Columbia
National Airport 11,38.8523336,-77.04248179999999,Arlington County,Virginia
National Airport 10,38.8523336,-77.04248179999999,Arlington County,Virginia
National Airport 12,38.8523336,-77.04248179999999,Arlington County,Virginia
National Airport 13,38.8523336,-77.04248179999999,Arlington County,Virginia
National Airport 3,38.8523336,-77.04248179999999,Arlington County,Virginia
National Airport 7,38.8523336,-77.04248179999999,Arlington County,Virginia
National Airport 6,38.8523336,-77.04248179999999,Arlington County,Virginia
National Airport 8,38.8523336,-77.04248179999999,Arlington County,Virginia
National Airport 9,38.8523336,-77.04248179999999,Arlington County,Virginia
Reagan National Airport 1,38.8523336,-77.04248179999999,Arlington County,Virginia
Potomac Yards 1,38.8365716,-77.0504626,Virginia
Reagan National Airport 2,38.8523336,-77.04248179999999,Arlington County,Virginia
Cordell Avenue 1,38.9909768,-77.0969313,Montgomery County,Maryland
Cordell Avenue 2,38.9909768,-77.0969313,Montgomery County,Maryland
Cordell Avenue 3,38.9909768,-77.0969313,Montgomery County,Maryland
Fox Hill/Bethesda 1,38.991694,-77.1536083,Montgomery County,Maryland
First &amp; H Street, NW,38.9007143,-77.0115173,District of Columbia
Amtrak - Union Station 1,38.8975061,-77.0059863,District of Columbia
Amtrak - Union Station 2,38.8975061,-77.0059863,District of Columbia
Children's Hospital Center 1,38.9271809,-77.0146728,District of Columbia
Merrifield 2,38.8664503,-77.2301317,Fairfax County,Virginia
Merrifield 1,38.8664503,-77.2301317,Fairfax County,Virginia
Annandale 1,38.8297662,-77.1889159,Fairfax County,Virginia
Annandale 2,38.8297662,-77.1889159,Fairfax County,Virginia
WMATA - Union Station 1,38.8981873,-77.0068546,District of Columbia
Chevy Chase Lake 1,38.9943328,-77.0763425,Montgomery County,Maryland
WMATA - Capitol South 1,38.88517179999999,-77.0061551,District of Columbia
Watergate @ Landmark 1,38.8090259,-77.14197949999999,Virginia
Chevy Chase Supermarket 1,38.9957941,-77.0759868,Montgomery County,Maryland
Capitol Hill 1,38.8868701,-77.0008256,District of Columbia
Federal Gateway Plaza 2,38.8770883,-77.0040154,District of Columbia
Federal Gateway Plaza 1,38.8770883,-77.0040154,District of Columbia
WMATA - Eastern Market 1,38.884243,-76.995835,District of Columbia
Bradlick Shopping Center 1,38.7797446,-77.1847098,Fairfax County,Virginia
Bradlick Shopping Center 2,38.7797446,-77.1847098,Fairfax County,Virginia
Barrack's Row 2,38.8835778,-76.99524079999999,District of Columbia
Barrack's Row 1,38.8835778,-76.99524079999999,District of Columbia
WMATA - King Street 1,38.8061673,-77.06150679999999,Virginia
Vienna 1,38.904818,-77.26190199999999,Fairfax County,Virginia
Vienna 2,38.904818,-77.26190199999999,Fairfax County,Virginia
WMATA - Fort Totten 1,38.952534,-76.999462,District of Columbia
Carlyle Place 1,38.804034,-77.064458,Virginia
WMATA - Vienna 1,38.874981,-77.264893,Fairfax County,Virginia
Montgomery College-Takoma Park 1,38.9834649,-77.0211983,Montgomery County,Maryland
WMATA - Huntington 1,38.7946065,-77.07440849999999,Fairfax County,Virginia
Pan Am 1,38.8703504,-77.2623614,Fairfax County,Virginia
Pan Am 2,38.8703504,-77.2623614,Fairfax County,Virginia
Riggs Road 1,38.9358531,-76.9642504,Prince George's County,Maryland
Riggs Road 2,38.9358531,-76.9642504,Prince George's County,Maryland
WMATA - Silver Spring 1,38.9936282,-77.0322949,Montgomery County,Maryland
Silver Spring 1,38.9932522,-77.0263252,Montgomery County,Maryland
The Grays on Pennsylvania 1,38.8740115,-76.9724318,District of Columbia
Silver Spring 2,38.9932522,-77.0263252,Montgomery County,Maryland
Silver Spring 3,38.9932522,-77.0263252,Montgomery County,Maryland
Silver Spring 4,38.9932522,-77.0263252,Montgomery County,Maryland
8676 Georgia Avenue 1,38.9971571,-77.02986279999999,Montgomery County,Maryland
Suburban Hospital Center 1,39.0245951,-77.1331784,Montgomery County,Maryland
8676 Georgia Avenue 2,38.9971571,-77.02986279999999,Montgomery County,Maryland
8676 Georgia Avenue 3,38.9971571,-77.02986279999999,Montgomery County,Maryland
Fair City Mall 1,38.8442577,-77.2722943,Virginia
Fair City Mall 2,38.8442577,-77.2722943,Virginia
Montgomery Mall 7,39.0241378,-77.1459998,Montgomery County,Maryland
118 King Street 1,38.8041116,-77.0411161,Virginia
Georgetown Square 1,39.0252174,-77.12731459999999,Montgomery County,Maryland
Old Towne 1,38.8000264,-77.047769,Virginia
Franconia 1,38.7840091,-77.134322,Fairfax County,Virginia
Old Towne 2,38.8000264,-77.047769,Virginia
Franconia 2,38.7840091,-77.134322,Fairfax County,Virginia
Strathmore Music Center 1,39.0317221,-77.10287129999999,Montgomery County,Maryland
Magruder House 1,39.0269899,-77.14787419999999,Montgomery County,Maryland
Potomac 1,39.0184222,-77.20920389999999,Montgomery County,Maryland
Magruder House 2,39.0269899,-77.14787419999999,Montgomery County,Maryland
Potomac 2,39.0184222,-77.20920389999999,Montgomery County,Maryland
Potomac 3,39.0184222,-77.20920389999999,Montgomery County,Maryland
Commerce Street 1,38.7818524,-77.1859315,Fairfax County,Virginia
Commerce Street 3,38.7818524,-77.1859315,Fairfax County,Virginia
Commerce Street 2,38.7818524,-77.1859315,Fairfax County,Virginia
Kensington 2,39.031229,-77.07471699999999,Montgomery County,Maryland
Kensington 1,39.031229,-77.07471699999999,Montgomery County,Maryland
Kensington 3,39.031229,-77.07471699999999,Montgomery County,Maryland
Anacostia 2,38.8585879,-76.96759320000001,District of Columbia
Anacostia 1,38.8585879,-76.96759320000001,District of Columbia
Arliss 1,38.9996868,-77.00186479999999,Montgomery County,Maryland
Arliss 2,38.9996868,-77.00186479999999,Montgomery County,Maryland
Hampshire Langley 1,38.9884198,-76.98858179999999,Montgomery County,Maryland
Hampshire Langley 3,38.9884198,-76.98858179999999,Montgomery County,Maryland
Cabin John 1,39.041066,-77.1569827,Montgomery County,Maryland
Hampshire Langley 2,38.9884198,-76.98858179999999,Montgomery County,Maryland
Cabin John 2,39.041066,-77.1569827,Montgomery County,Maryland
Chain Bridge Road/Oakton 1,38.8816527,-77.3005261,Fairfax County,Virginia
Beacon Mall 1,38.7699643,-77.0822216,Fairfax County,Virginia
Chain Bridge Road/Oakton 2,38.8816527,-77.3005261,Fairfax County,Virginia
Beacon Mall 3,38.7699643,-77.0822216,Fairfax County,Virginia
Beacon Mall 2,38.7699643,-77.0822216,Fairfax County,Virginia
WMATA - Franconia 1,38.7663057,-77.1684341,Fairfax County,Virginia
Nicholson Lane 2,39.0466173,-77.1039959,Montgomery County,Maryland
Nicholson Lane 1,39.0466173,-77.1039959,Montgomery County,Maryland
Prince George's Plaza 1,38.9678572,-76.9574736,Prince George's County,Maryland
Prince George's Plaza 2,38.9678572,-76.9574736,Prince George's County,Maryland
Prince George's Plaza 3,38.9678572,-76.9574736,Prince George's County,Maryland
Old Georgetown 2,39.048323,-77.11770500000002,Montgomery County,Maryland
Old Georgetown 3,39.048323,-77.11770500000002,Montgomery County,Maryland
Old Georgetown 1,39.048323,-77.11770500000002,Montgomery County,Maryland
Four Corners 1,39.0216274,-77.014313,Montgomery County,Maryland
Four Corners 2,39.0216274,-77.014313,Montgomery County,Maryland
Georgia Avenue 1,39.0399013,-77.05095759999999,Montgomery County,Maryland
Wheaton Plaza 2,39.0353262,-77.0519966,Montgomery County,Maryland
Georgia Avenue 2,39.0399013,-77.05095759999999,Montgomery County,Maryland
Georgia Avenue 3,39.0399013,-77.05095759999999,Montgomery County,Maryland
Prince George's Plaza,38.965015,-76.950817,Prince George's County,Maryland
Prince George'a Plaza 2,38.965015,-76.950817,Prince George's County,Maryland
Prince George's Plaza 1,38.965015,-76.950817,Prince George's County,Maryland
Prince George's Plaza 3,38.965015,-76.950817,Prince George's County,Maryland
National Harbor 1,38.7848765,-77.01619459999999,Prince George's County,Maryland
Oxon Hill 1,38.8041663,-76.9830446,Prince George's County,Maryland
Flagship 1,39.05565290000001,-77.1181744,Montgomery County,Maryland
Oxon Hill 2,38.8041663,-76.9830446,Prince George's County,Maryland
Flagship 3,39.05565290000001,-77.1181744,Montgomery County,Maryland
Flagship 2,39.05565290000001,-77.1181744,Montgomery County,Maryland
Old Keene Mill 1,38.7790146,-77.2364017,Fairfax County,Virginia
Old Keene Mill 2,38.7790146,-77.2364017,Fairfax County,Virginia
Boulevard S/C/ Fairfax 1,38.856599,-77.31286,Virginia
Boulevard S/C/Fairfax 2,38.856599,-77.31286,Virginia
Kemp Mill 1,39.0411056,-77.03144879999999,Montgomery County,Maryland
Congressional Plaza 1,39.0617521,-77.1247908,Montgomery County,Maryland
Congressional Plaza 2,39.0617521,-77.1247908,Montgomery County,Maryland
Congressional Plaza 3,39.0617521,-77.1247908,Montgomery County,Maryland
Kemp Mill 2,39.0411056,-77.03144879999999,Montgomery County,Maryland
Veirs Mill 1,39.0572185,-77.08511179999999,Montgomery County,Maryland
Veirs Mill 3,39.0572185,-77.08511179999999,Montgomery County,Maryland
Veirs Mill 2,39.0572185,-77.08511179999999,Montgomery County,Maryland
Silver Hill 1,38.8402846,-76.9424773,Prince George's County,Maryland
Silver Hill 2,38.8402846,-76.9424773,Prince George's County,Maryland
Silver Hill 3,38.8402846,-76.9424773,Prince George's County,Maryland
Great Falls 1,38.9972567,-77.287893,Fairfax County,Virginia
Great Falls 2,38.9972567,-77.287893,Fairfax County,Virginia
Parklawn Cafeteria 1,39.062068,-77.1125374,Montgomery County,Maryland
WMATA - Suitland 1,38.8450533,-76.930605,Prince George's County,Maryland
Hillandale 1,39.0213979,-76.97688450000001,Montgomery County,Maryland
U of Md. Byrd Stadium 1,38.9869183,-76.9425543,Prince George's County,Maryland
Hillandale 2,39.0213979,-76.97688450000001,Montgomery County,Maryland
Glenmont 1,39.0590308,-77.0489393,Montgomery County,Maryland
Glenmont 2,39.0590308,-77.0489393,Montgomery County,Maryland
Glenmont 3,39.0590308,-77.0489393,Montgomery County,Maryland
U of Md Comcast Center 1,38.9854457,-76.9370297,Prince George's County,Maryland
U of Md Clarice Smith 1,38.9854457,-76.9370297,Prince George's County,Maryland
U of Md S. Campus Dining Hall 1,38.9854457,-76.9370297,Prince George's County,Maryland
U of Md Stamp Student Union 1,38.9854457,-76.9370297,Prince George's County,Maryland
U of Md. Ellicott Hall 1,38.9854457,-76.9370297,Prince George's County,Maryland
University Of Maryland 2,38.9854457,-76.9370297,Prince George's County,Maryland
University Of Maryland 1,38.9854457,-76.9370297,Prince George's County,Maryland
Capital Plaza 1,38.9395921,-76.9083224,Prince George's County,Maryland
Capital Plaza 1,38.9395921,-76.9083224,Prince George's County,Maryland
Capital Plaza 3,38.9395921,-76.9083224,Prince George's County,Maryland
White Oak 1,39.0420539,-76.9914264,Montgomery County,Maryland
Capital Plaza,38.9395921,-76.9083224,Prince George's County,Maryland
White Oak 2,39.0420539,-76.9914264,Montgomery County,Maryland
Burke Town Plaza 1,38.7788988,-77.27404349999999,Fairfax County,Virginia
Seat Pleasant 1,38.8875289,-76.8997794,Prince George's County,Maryland
Aspen Hill 2,39.0787953,-77.079345,Montgomery County,Maryland
Aspen Hill 1,39.0787953,-77.079345,Montgomery County,Maryland
Saratoga 1,38.7393933,-77.2116939,Fairfax County,Virginia
Aspen Hill,39.0787953,-77.079345,Montgomery County,Maryland
Saratoga 2,38.7393933,-77.2116939,Fairfax County,Virginia
Rockshire 2,39.0808583,-77.1856214,Montgomery County,Maryland
Metro Square Building 1,39.083784,-77.14817099999999,Montgomery County,Maryland
Fair Oaks Mall 1,38.8623883,-77.3592103,Fairfax County,Virginia
Hungerford 1,39.0883223,-77.1502326,Montgomery County,Maryland
Hungerford 3,39.0883223,-77.1502326,Montgomery County,Maryland
Great Eastern 1,38.8529185,-76.8968,Prince George's County,Maryland
Great Eastern 2,38.8529185,-76.8968,Prince George's County,Maryland
Great Eastern 3,38.8529185,-76.8968,Prince George's County,Maryland
Hungerford 2,39.0883223,-77.1502326,Montgomery County,Maryland
WMATA - Branch Avenue 1,38.826975,-76.9115549,Prince George's County,Maryland
Fairfax Corner 2,38.8582893,-77.3544726,Fairfax County,Virginia
Spectrum 1,38.960734,-77.3554856,Fairfax County,Virginia
Spectrum 2,38.960734,-77.3554856,Fairfax County,Virginia
Reston Town Center 1,38.9585119,-77.35863119999999,Fairfax County,Virginia
Rock Creek Village 2,39.0951431,-77.1125617,Montgomery County,Maryland
Rock Creek Village 1,39.0951431,-77.1125617,Montgomery County,Maryland
Beltway Plaza Mall 1,38.9995236,-76.9099301,Prince George's County,Maryland
Beltway Plaza Mall 3,38.9995236,-76.9099301,Prince George's County,Maryland
Glenridge 3,38.9511062,-76.8859349,Prince George's County,Maryland
Montgomery College-Rockville 1,39.0973684,-77.15773519999999,Montgomery County,Maryland
Glenridge 4,38.9511062,-76.8859349,Prince George's County,Maryland
Greenbelt Plaza 1,38.9977692,-76.9087504,Prince George's County,Maryland
Greenbelt Plaza 2,38.9977692,-76.9087504,Prince George's County,Maryland
Greenbelt Plaza 3,38.9977692,-76.9087504,Prince George's County,Maryland
Colesville 1,39.07319930000001,-77.0025975,Montgomery County,Maryland
Colesville 2,39.07319930000001,-77.0025975,Montgomery County,Maryland
Pender Village Center 1,38.8722118,-77.3730126,Fairfax County,Virginia
Colesville 3,39.07319930000001,-77.0025975,Montgomery County,Maryland
Pender Village Center 2,38.8722118,-77.3730126,Fairfax County,Virginia
Plaza Del Mercado 1,39.0905382,-77.04678520000002,Montgomery County,Maryland
Plaza Del Mercado 2,39.0905382,-77.04678520000002,Montgomery County,Maryland
Westech Park 1,39.0576262,-76.9670436,Montgomery County,Maryland
Westech Park 2,39.0576262,-76.9670436,Montgomery County,Maryland
Traville 1,39.0926471,-77.202846,Montgomery County,Maryland
Traville 2,39.0926471,-77.202846,Montgomery County,Maryland
Westech Park 3,39.0576262,-76.9670436,Montgomery County,Maryland
WMATA - Greenbelt 1,39.0059641,-76.9064495,Prince George's County,Maryland
Falls Grove 1,39.0976479,-77.1935101,Montgomery County,Maryland
Falls Grove 2,39.0976479,-77.1935101,Montgomery County,Maryland
Falls Grove 3,39.0976479,-77.1935101,Montgomery County,Maryland
Leisure World 2,39.1036913,-77.0757311,Montgomery County,Maryland
Leisure World 1,39.1036913,-77.0757311,Montgomery County,Maryland
Amtrak - New Carrollton Station 1,38.946827,-76.87048,Prince George's County,Maryland
WMATA - New Carrollton 1,38.952001,-76.8665177,Prince George's County,Maryland
Ft. Washington 1,38.7255719,-76.9917377,Prince George's County,Maryland
Ft. Washington 2,38.7255719,-76.9917377,Prince George's County,Maryland
Ft. Washington 3,38.7255719,-76.9917377,Prince George's County,Maryland
Beltsville 1,39.031856,-76.912493,Prince George's County,Maryland
Beltsville 2,39.031856,-76.912493,Prince George's County,Maryland
Beltsville 3,39.031856,-76.912493,Prince George's County,Maryland
The NASD Building 1,39.106665,-77.199958,Montgomery County,Maryland
King Farm 1,39.1138753,-77.17137369999999,Montgomery County,Maryland
Greenway 1,38.99350039999999,-76.8780764,Prince George's County,Maryland
King Farm 2,39.1138753,-77.17137369999999,Montgomery County,Maryland
Greenway 2,38.99350039999999,-76.8780764,Prince George's County,Maryland
WMATA - Shady Grove 1,39.1171725,-77.1647867,Montgomery County,Maryland
Woodland Crossing 1,38.9491429,-77.3945092,Fairfax County,Virginia
Boulevard @ Capital Centre 2,38.9013378,-76.84773369999999,Prince George's County,Maryland
Boulevard @ Capital Centre 1,38.9024998,-76.84694549999999,Prince George's County,Maryland
Lorton 1,38.7140667,-77.26236519999999,Fairfax County,Virginia
Woodland Crossing 2,38.9491429,-77.3945092,Fairfax County,Virginia
Lorton 2,38.7140667,-77.26236519999999,Fairfax County,Virginia
Franklin Farms 2,38.9072869,-77.4083935,Fairfax County,Virginia
Franklin Farms 1,38.9072869,-77.4083935,Fairfax County,Virginia
Sterling Town Center 1,39.0334919,-77.4052123,Loudoun County,Virginia
Sterling Town Center 2,39.0334919,-77.4052123,Loudoun County,Virginia
WMATA - Largo Town Center 1,38.900421,-76.84240799999999,Prince George's County,Maryland
Herndon 3,38.96223519999999,-77.3988895,Fairfax County,Virginia
Herndon 4,38.96223519999999,-77.3988895,Fairfax County,Virginia
Muddy Branch 1,39.1143906,-77.2159336,Montgomery County,Maryland
Herndon 1,38.96223519999999,-77.3988895,Fairfax County,Virginia
Muddy Branch 2,39.1143906,-77.2159336,Montgomery County,Maryland
Largo Town Center 1,38.9023282,-76.83723619999999,Prince George's County,Maryland
Washingtonian Center 1,39.1179301,-77.2002122,Montgomery County,Maryland
Largo Town Center 2,38.9023282,-76.83723619999999,Prince George's County,Maryland
Largo Town Center 3,38.9023282,-76.83723619999999,Prince George's County,Maryland
Largo Town Center 4,38.9023282,-76.83723619999999,Prince George's County,Maryland
Shady Grove 1,39.1300315,-77.1680586,Montgomery County,Maryland
Shady Grove 2,39.1300315,-77.1680586,Montgomery County,Maryland
Largo Town Center,38.9023282,-76.83723619999999,Prince George's County,Maryland
Clinton Crossing 1,38.7511838,-76.8797199,Prince George's County,Maryland
Clinton Crossing 2,38.7511838,-76.8797199,Prince George's County,Maryland
Kentlands 1,39.123809,-77.2382506,Montgomery County,Maryland
Kentlands 2,39.123809,-77.2382506,Montgomery County,Maryland
Kentlands 3,39.123809,-77.2382506,Montgomery County,Maryland
Kentlands 4,39.123809,-77.2382506,Montgomery County,Maryland
Quince Orchard/Darnestown 1,39.118362,-77.25308299999999,Montgomery County,Maryland
Quince Orchard/Darnestown 3,39.118362,-77.25308299999999,Montgomery County,Maryland
Quince Orchard/Darnestown 2,39.118362,-77.25308299999999,Montgomery County,Maryland
Chantilly 1,38.8938701,-77.4317798,Fairfax County,Virginia
Chantilly 2,38.8938701,-77.4317798,Fairfax County,Virginia
Chantilly 3,38.8938701,-77.4317798,Fairfax County,Virginia
Vista Gardens/Lanham 1,38.955353,-76.822688,Prince George's County,Maryland
Vista Gardens/Lanham 2,38.955353,-76.822688,Prince George's County,Maryland
Vista Gardens/Lanham 3,38.955353,-76.822688,Prince George's County,Maryland
Potomac Run 1,39.0252633,-77.40228479999999,Loudoun County,Virginia
Potomac Run 2,39.0252633,-77.40228479999999,Loudoun County,Virginia
Centreville 2,38.8357817,-77.43151,Fairfax County,Virginia
Centreville 1,38.8357817,-77.43151,Fairfax County,Virginia
Centreville 3,38.8357817,-77.43151,Fairfax County,Virginia
Cascades 1,39.0352526,-77.3974851,Loudoun County,Virginia
Cascades 2,39.0352526,-77.3974851,Loudoun County,Virginia
Cascades 3,39.0352526,-77.3974851,Loudoun County,Virginia
Olney 1,39.1501836,-77.0664773,Montgomery County,Maryland
Holiday Inn - Dulles 1,38.9848323,-77.42985809999999,Loudoun County,Virginia
Olney 2,39.1501836,-77.0664773,Montgomery County,Maryland
Diamond Square 1,39.1428654,-77.2177942,Montgomery County,Maryland
Diamond Square 3,39.1428654,-77.2177942,Montgomery County,Maryland
Diamond Square 2,39.1428654,-77.2177942,Montgomery County,Maryland
Spring Hill Suites 1,38.9912191,-77.42985809999999,Loudoun County,Virginia
Olney Town Center 1,39.1516869,-77.06269329999999,Montgomery County,Maryland
Olney Town Center 2,39.1516869,-77.06269329999999,Montgomery County,Maryland
Dulles International 1,38.9525892,-77.4480674,Loudoun County,Virginia
Gaithersburg 1,39.1518425,-77.2106982,Montgomery County,Maryland
Olney Town Center 3,39.1516869,-77.06269329999999,Montgomery County,Maryland
Gaithersburg 2,39.1518425,-77.2106982,Montgomery County,Maryland
Gaithersburg 3,39.1518425,-77.2106982,Montgomery County,Maryland
Burtonsville Town Station 1,39.11131779999999,-76.9337911,Montgomery County,Maryland
Burtonsville Town Station 2,39.11131779999999,-76.9337911,Montgomery County,Maryland
Burtonsville Town Station 3,39.11131779999999,-76.9337911,Montgomery County,Maryland
Holiday Inn - Gaithersburg 1,39.1537073,-77.2116597,Montgomery County,Maryland
Washington Dulles International 1,38.9592863,-77.4484418,Loudoun County,Virginia
Washington Dulles International 11,38.9592863,-77.4484418,Loudoun County,Virginia
Washington Dulles International 2,38.9592863,-77.4484418,Loudoun County,Virginia
Washington Dulles International 3,38.9592863,-77.4484418,Loudoun County,Virginia
Washington Dulles International 4,38.9592863,-77.4484418,Loudoun County,Virginia
Washington Dulles International 5,38.9592863,-77.4484418,Loudoun County,Virginia
Washington Dulles International 7,38.9592863,-77.4484418,Loudoun County,Virginia
Washington Dulles International 6,38.9592863,-77.4484418,Loudoun County,Virginia
Washington Dulles International 9,38.9592863,-77.4484418,Loudoun County,Virginia
Washington Dulles International 8,38.9592863,-77.4484418,Loudoun County,Virginia
Stone Road Village 1,38.854388,-77.45059789999999,Fairfax County,Virginia
Washington Dulles International 10,38.95817359999999,-77.4474395,Loudoun County,Virginia
Stone Road Village 2,38.854388,-77.45059789999999,Fairfax County,Virginia
Dulles Town Crossing 1,39.024146,-77.42435329999999,Loudoun County,Virginia
Dulles Town Crossing 2,39.024146,-77.42435329999999,Loudoun County,Virginia
Dulles Town 1,39.0318656,-77.4234606,Loudoun County,Virginia
Dulles Town 3,39.0318656,-77.4234606,Loudoun County,Virginia
Dulles Town Center 1,39.0318656,-77.4234606,Loudoun County,Virginia
Dulles Town 2,39.0318656,-77.4234606,Loudoun County,Virginia
Dulles Town Center 2,39.0318656,-77.4234606,Loudoun County,Virginia
Contee Road/Laurel 1,39.0778305,-76.8694496,Prince George's County,Maryland
Contee Road/Laurel 3,39.0778305,-76.8694496,Prince George's County,Maryland
Contee Road/Laurel 2,39.0778305,-76.8694496,Prince George's County,Maryland
Dulles 28 2,39.0077102,-77.4376746,Loudoun County,Virginia
Dulles 28 1,39.0077102,-77.4376746,Loudoun County,Virginia
Dulles 28 3,39.0077102,-77.4376746,Loudoun County,Virginia
Clopper Mill 2,39.1475345,-77.27475760000002,Montgomery County,Maryland
Montgomery Village 1,39.170525,-77.207241,Montgomery County,Maryland
Montgomery Village 2,39.170525,-77.207241,Montgomery County,Maryland
Clopper Mill 1,39.1475345,-77.27475760000002,Montgomery County,Maryland
Montgomery Village 3,39.170525,-77.207241,Montgomery County,Maryland
Kingsview/Germantown 2,39.1598496,-77.2792611,Montgomery County,Maryland
Kingsview/Germantown 1,39.1598496,-77.2792611,Montgomery County,Maryland
Glen 1,38.67350589999999,-77.3344445,Prince William County,Virginia
Glen 2,38.67350589999999,-77.3344445,Prince William County,Virginia
Eastern Marketplace 1,38.9145961,-77.48786199999999,Loudoun County,Virginia
Eastern Marketplace 3,38.9145961,-77.48786199999999,Loudoun County,Virginia
Eastern Marketplace 2,38.9145961,-77.48786199999999,Loudoun County,Virginia
Laurel Shopping Center 1,39.0951371,-76.8538429,Prince George's County,Maryland
Laurel Shopping Center 2,39.0951371,-76.8538429,Prince George's County,Maryland
Laurel Shopping Center 3,39.0951371,-76.8538429,Prince George's County,Maryland
Goshen 1,39.1858304,-77.1890355,Montgomery County,Maryland
Goshen 2,39.1858304,-77.1890355,Montgomery County,Maryland
Goshen 3,39.1858304,-77.1890355,Montgomery County,Maryland
Shops @ County Center/Hoadly 1,38.6788052,-77.3638861,Prince William County,Virginia
Shops @ County Center/Hoadly 2,38.6788052,-77.3638861,Prince William County,Virginia
Montgomery College Germantown 1,39.1863063,-77.24657619999999,Montgomery County,Maryland
Germantown Town Center 1,39.1803311,-77.26800659999999,Montgomery County,Maryland
Germantown Town Center 3,39.1803311,-77.26800659999999,Montgomery County,Maryland
Germantown Town Center 2,39.1803311,-77.26800659999999,Montgomery County,Maryland
Signal Hill 1,38.7492746,-77.4498947,Virginia
Signal Hill 2,38.7492746,-77.4498947,Virginia
Ashburn Town Square 1,39.0228517,-77.4811038,Loudoun County,Virginia
Ashburn Town Square 2,39.0228517,-77.4811038,Loudoun County,Virginia
Ashburn Village 1,39.0431277,-77.4737347,Loudoun County,Virginia
Ashburn Village 3,39.0431277,-77.4737347,Loudoun County,Virginia
Woodbridge 1,38.6293941,-77.2888725,Prince William County,Virginia
Cheshire Station 1,38.6468711,-77.33334599999999,Prince William County,Virginia
Ashburn Village 2,39.0431277,-77.4737347,Loudoun County,Virginia
Cheshire Station 2,38.6468711,-77.33334599999999,Prince William County,Virginia
Neelsville 2,39.20431689999999,-77.24533149999999,Montgomery County,Maryland
Neelsville 1,39.20431689999999,-77.24533149999999,Montgomery County,Maryland
Neelsville 3,39.20431689999999,-77.24533149999999,Montgomery County,Maryland
Bowie 1,38.9801487,-76.7324934,Prince George's County,Maryland
Bowie 2,38.9801487,-76.7324934,Prince George's County,Maryland
Corridor Marketplace 1,39.0978281,-76.80815799999999,Anne Arundel County,Maryland
Corridor Marketplace 2,39.0978281,-76.80815799999999,Anne Arundel County,Maryland
Corridor Marketplace 3,39.0978281,-76.80815799999999,Anne Arundel County,Maryland
Collington Plaza 1,38.9374507,-76.7186345,Prince George's County,Maryland
Collington Plaza 2,38.9374507,-76.7186345,Prince George's County,Maryland
Broadlands 1,39.0250957,-77.508186,Loudoun County,Virginia
Collington Plaza 3,38.9374507,-76.7186345,Prince George's County,Maryland
Waldorf Market Place 1,38.6283485,-76.91544999999999,Charles County,Maryland
Broadlands 2,39.0250957,-77.508186,Loudoun County,Virginia
Waldorf Market Place 2,38.6283485,-76.91544999999999,Charles County,Maryland
Waldorf Market Place 3,38.6283485,-76.91544999999999,Charles County,Maryland
Manassas 1,38.7792751,-77.5103178,Prince William County,Virginia
Manassas 2,38.7792751,-77.5103178,Prince William County,Virginia
Brambleton 1,38.9849085,-77.53509500000001,Loudoun County,Virginia
Lansdowne 1,39.0797106,-77.4932936,Loudoun County,Virginia
Lansdowne 2,39.0797106,-77.4932936,Loudoun County,Virginia
Lansdowne 3,39.0797106,-77.4932936,Loudoun County,Virginia
Brambleton 2,38.9849085,-77.53509500000001,Loudoun County,Virginia
Clarksville 1,39.2104587,-76.9380482,Howard County,Maryland
Clarksville 3,39.2104587,-76.9380482,Howard County,Maryland
Clarksville 2,39.2104587,-76.9380482,Howard County,Maryland
Dumfries 2,38.5960272,-77.33379029999999,Prince William County,Virginia
Minstrel Crossing 1,39.1764975,-76.8454275,Howard County,Maryland
Dumfries 1,38.5960272,-77.33379029999999,Prince William County,Virginia
Minstrel Crossing 3,39.1764975,-76.8454275,Howard County,Maryland
Ashland Square/Manassas 1,38.6130818,-77.3735276,Prince William County,Virginia
Minstrel Crossing 2,39.1764975,-76.8454275,Howard County,Maryland
Micros Systems Inc 1,39.173487,-76.80141499999999,Howard County,Maryland
Potomac Station 1,39.0985339,-77.5284008,Loudoun County,Virginia
Potomac Station 2,39.0985339,-77.5284008,Loudoun County,Virginia
Potomac Station 3,39.0985339,-77.5284008,Loudoun County,Virginia
Ashland Square/Manassas 2,38.6130818,-77.3735276,Prince William County,Virginia
Waugh Chapel 1,39.0368696,-76.67929459999999,Anne Arundel County,Maryland
Waugh Chapel 2,39.0368696,-76.67929459999999,Anne Arundel County,Maryland
Dobbin Center/Columbia 1,39.1958701,-76.81743089999999,Howard County,Maryland
Dobbin Center/Columbia 2,39.1958701,-76.81743089999999,Howard County,Maryland
Dobbin Center/Columbia 3,39.1958701,-76.81743089999999,Howard County,Maryland
LaPlata Station 1,38.5436566,-76.9842596,Charles County,Maryland
LaPlata Station 2,38.5436566,-76.9842596,Charles County,Maryland
Gateway Overlook 2,39.18686599999999,-76.795525,Howard County,Maryland
Gateway Overlook 1,39.18686599999999,-76.795525,Howard County,Maryland
Braemar Village Center 1,38.750011,-77.5728759,Prince William County,Virginia
Braemar Village Center 2,38.750011,-77.5728759,Prince William County,Virginia
Damascus 1,39.2847255,-77.2093297,Montgomery County,Maryland
Damascus 2,39.2847255,-77.2093297,Montgomery County,Maryland
Damascus 3,39.2847255,-77.2093297,Montgomery County,Maryland
Virginia Gateway 1,38.7970196,-77.6055921,Prince William County,Virginia
Virginia Gateway 2,38.7970196,-77.6055921,Prince William County,Virginia
Virginia Gateway 3,38.7970196,-77.6055921,Prince William County,Virginia
Leesburg Market Street 1,39.1101336,-77.5554549,Loudoun County,Virginia
Leesburg Market Street 2,39.1101336,-77.5554549,Loudoun County,Virginia
Leesburg Market Street 3,39.1101336,-77.5554549,Loudoun County,Virginia
Hotel Arundel,39.1520865,-76.7435682,Anne Arundel County,Maryland
Dorsey Search 1,39.24224359999999,-76.8410894,Howard County,Maryland
Dorsey Search 2,39.24224359999999,-76.8410894,Howard County,Maryland
Gateway Overlook 3,39.18686599999999,-76.795525,Howard County,Maryland
Dunkirk 1,38.725262,-76.6582547,Calvert County,Maryland
Dunkirk 2,38.725262,-76.6582547,Calvert County,Maryland
Arundel Mills 1,39.1528704,-76.7210978,Anne Arundel County,Maryland
Arundel Mills 2,39.1528704,-76.7210978,Anne Arundel County,Maryland
Arundel Mills 3,39.1528704,-76.7210978,Anne Arundel County,Maryland
Lyndwood Square/Elkridge 1,39.2111345,-76.77809040000001,Howard County,Maryland
Edgewater 1,38.934975,-76.56784499999999,Anne Arundel County,Maryland
Edgewater 2,38.934975,-76.56784499999999,Anne Arundel County,Maryland
Ellicott City 1,39.2767764,-76.8302289,Howard County,Maryland
Ellicott City 2,39.2767764,-76.8302289,Howard County,Maryland
Madison Crescent 1,38.7833112,-77.6649726,Prince William County,Virginia
Madison Crescent 2,38.7833112,-77.6649726,Prince William County,Virginia
Quarterfield Crossing 1,39.1507177,-76.6530125,Anne Arundel County,Maryland
Quarterfield Crossing 2,39.1507177,-76.6530125,Anne Arundel County,Maryland
Lyndwood Square/Elkridge 2,39.2111345,-76.77809040000001,Howard County,Maryland
Quarterfield Crossing 3,39.1507177,-76.6530125,Anne Arundel County,Maryland
Amtrak - BWI Station,39.1879268,-76.6908006,Anne Arundel County,Maryland
Urbana 1,39.3283672,-77.3523152,Frederick County,Maryland
Urbana 2,39.3283672,-77.3523152,Frederick County,Maryland
Annapolis Harbour 1,38.9736144,-76.5430071,Anne Arundel County,Maryland
Mt. Airy 1,39.3640536,-77.1612463,Carroll County,Maryland
Annapolis Harbour Center 1,38.9756401,-76.5451751,Anne Arundel County,Maryland
Mt. Airy 2,39.3640536,-77.1612463,Carroll County,Maryland
Annapolis Mall 4,38.9894637,-76.54557179999999,Anne Arundel County,Maryland
Annapolis Mall 5,38.9894637,-76.54557179999999,Anne Arundel County,Maryland
Annapolis Mall Food Court,38.9894637,-76.54557179999999,Anne Arundel County,Maryland
Annapolis Mall 1,38.9894637,-76.54557179999999,Anne Arundel County,Maryland
West Street 2,38.98320229999999,-76.53863059999999,Anne Arundel County,Maryland
West Street 1,38.98320229999999,-76.53863059999999,Anne Arundel County,Maryland
West Street 3,38.98320229999999,-76.53863059999999,Anne Arundel County,Maryland
Glen Burnie 1,39.1381741,-76.60040409999999,Anne Arundel County,Maryland
Glen Burnie 2,39.1381741,-76.60040409999999,Anne Arundel County,Maryland
Village Greens 1,38.9688398,-76.5199344,Anne Arundel County,Maryland
Village Greens 2,38.9688398,-76.5199344,Anne Arundel County,Maryland
Severna Park 2,39.080289,-76.549261,Anne Arundel County,Maryland
Stafford Market Place 1,38.4685384,-77.4098561,Stafford County,Virginia
Stafford Market Place 2,38.4685384,-77.4098561,Stafford County,Virginia
Purcellville 1,39.1359434,-77.6983838,Loudoun County,Virginia
Severna Park 1,39.080289,-76.549261,Anne Arundel County,Maryland
Purcellville 2,39.1359434,-77.6983838,Loudoun County,Virginia
Kingsbrook 1,39.3801138,-77.4232348,Frederick County,Maryland
Kingsbrook 2,39.3801138,-77.4232348,Frederick County,Maryland
Francis Scott Key Mall 1,39.3825995,-77.40572089999999,Frederick County,Maryland
Francis Scott Key Mall 2,39.3825995,-77.40572089999999,Frederick County,Maryland
Mount Clare Junction,39.2842683,-76.63750809999999,Maryland
Mount Clare Junction,39.2842683,-76.63750809999999,Maryland
Urbana Pike 1,39.3955162,-77.4129605,Frederick County,Maryland
Urbana Pike 2,39.3955162,-77.4129605,Frederick County,Maryland
Urbana Pike 3,39.3955162,-77.4129605,Frederick County,Maryland
Northrock S/C - Warrenton 2,38.7276336,-77.7938736,Fauquier County,Virginia
Northrock S/C - Warrenton 1,38.7276336,-77.7938736,Fauquier County,Virginia
Mondawmin Mall,39.318954,-76.6548485,Maryland
Calvert &amp; Baltimore 1,39.2895119,-76.6125252,Maryland
St. Paul Place,39.29127039999999,-76.6143369,Maryland
Reisterstown Square 2,39.3565224,-76.7029996,Maryland
Reisterstown Square 1,39.3565224,-76.7029996,Maryland
Amtrak - Penn Station 1,39.3073578,-76.6156621,Maryland
Frederick 1,39.417858,-77.445082,Frederick County,Maryland
Frederick 2,39.417858,-77.445082,Frederick County,Maryland
Frederick Town Center 1,39.4317766,-77.4179362,Frederick County,Maryland
Frederick 3,39.417858,-77.445082,Frederick County,Maryland
Frederick Town Center 2,39.4317766,-77.4179362,Frederick County,Maryland
Shoppes @ Monocacy 1,39.4490663,-77.38318389999999,Frederick County,Maryland
Shoppes @ Monocacy 2,39.4490663,-77.38318389999999,Frederick County,Maryland
Dundalk Plaza,39.2794111,-76.5043889,Baltimore County,Maryland
Dundalk Plaza,39.2794111,-76.5043889,Baltimore County,Maryland
Kent Island 1,38.9738576,-76.2704801,Queen Anne's County,Maryland
Kent Island 2,38.9738576,-76.2704801,Queen Anne's County,Maryland
Central Park 1,38.307875,-77.512051,Virginia
Central Park 2,38.307875,-77.512051,Virginia
Westminster Crossing 1,39.5845506,-76.9881046,Carroll County,Maryland
Harrison Crossing 1,38.29193190000001,-77.5673458,Spotsylvania County,Virginia
Westminster Crossing 2,39.5845506,-76.9881046,Carroll County,Maryland
Harrison Crossing 2,38.29193190000001,-77.5673458,Spotsylvania County,Virginia
Massaponax 2,38.2211308,-77.5046085,Spotsylvania County,Virginia
Massaponax 1,38.2211308,-77.5046085,Spotsylvania County,Virginia
South Plaza 1,38.2985423,-76.5106685,St. Mary's County,Maryland
South Plaza 2,38.2985423,-76.5106685,St. Mary's County,Maryland
Culpeper Colonnade 1,38.48377310000001,-77.969124,Culpeper County,Virginia
Waterside Village/Easton 1,38.7825011,-76.084896,Talbot County,Maryland
Waterside Village/Easton 2,38.7825011,-76.084896,Talbot County,Maryland
Culpeper Colonnade 2,38.48377310000001,-77.969124,Culpeper County,Virginia
Waterside Village/Easton 3,38.7825011,-76.084896,Talbot County,Maryland
Hagerstown Premium Outlets 1,39.6069966,-77.7343722,Washington County,Maryland
Centre @ Antietam/Hagerstown 1,39.6332388,-77.7019183,Washington County,Maryland
Centre @ Antietam/Hagerstown 2,39.6332388,-77.7019183,Washington County,Maryland
Centre @ Antietam/Hagerstown 3,39.6332388,-77.7019183,Washington County,Maryland
Valley Mall,39.6246921,-77.77081249999999,Washington County,Maryland
Stone House Square/Hagerstown 1,39.66396599999999,-77.700267,Washington County,Maryland
Stone House Square/Hagerstown 2,39.66396599999999,-77.700267,Washington County,Maryland
Stone House Square/Hagerstown 3,39.66396599999999,-77.700267,Washington County,Maryland
